{
  "id": "4092286",
  "name": "HTML+CSS Progress",
  "font_family": "iconfont",
  "css_prefix_text": "icon-",
  "description": "",
  "glyphs": [
    {
      "icon_id": "33987003",
      "name": "快捷支付",
      "font_class": "kuaijiezhifu",
      "unicode": "e61e",
      "unicode_decimal": 58910
    },
    {
      "icon_id": "33987012",
      "name": "验资完成",
      "font_class": "yanziwancheng",
      "unicode": "e61f",
      "unicode_decimal": 58911
    },
    {
      "icon_id": "33987013",
      "name": "关闭",
      "font_class": "guanbi",
      "unicode": "e620",
      "unicode_decimal": 58912
    },
    {
      "icon_id": "33997769",
      "name": "安全监控",
      "font_class": "anquanjiankong",
      "unicode": "e625",
      "unicode_decimal": 58917
    },
    {
      "icon_id": "33997772",
      "name": "地铁",
      "font_class": "ditie",
      "unicode": "e626",
      "unicode_decimal": 58918
    },
    {
      "icon_id": "33997773",
      "name": "影音区",
      "font_class": "yingyinqu",
      "unicode": "e624",
      "unicode_decimal": 58916
    },
    {
      "icon_id": "33997777",
      "name": "桌球区",
      "font_class": "zhuoqiuqu",
      "unicode": "e627",
      "unicode_decimal": 58919
    },
    {
      "icon_id": "33997779",
      "name": "沙发",
      "font_class": "shafa",
      "unicode": "e628",
      "unicode_decimal": 58920
    }
  ]
}
